variant,winner_model,feature,importance_mean_raw,importance_mean_nonneg,importance_rank,ablation_delta_auc_mean_raw,ablation_delta_auc_oof_raw,ablation_delta_auc_mean,ablation_delta_auc_oof,importance_score,rank_score,ablation_score,joint_topk_score,cross_variant_consistency,stability_score,functional_consistency_score,winner_diag_signal_score,winner_diag_effect_score,winner_model_reliability_score,FRS_raw,FRS,FRS_rank,interpretability_gap,feature_class,complete_case_flag,unresolved_flag,importance_minus_ablation,ablation_minus_importance,importance_to_frs_gap,frs_to_importance_gap,stability_minus_importance,contradiction_abs,contradiction_signed,contradiction_score,importance_excess_flag,hidden_impact_flag,reliable_high_impact_flag,contradiction_class
BIOMARKERS,RF_SHALLOW,72_kda_pro_mmp_2,0.2856825396825396,0.2856825396825396,1.0,0.1376190476190475,0.14875,0.1376190476190475,0.14875,1.0,1.0,0.0,0.0,0.6077299799601319,0.803864989980066,0.0,1.0,0.5495574579680641,0.774778728984032,0.6012883299933552,1.0,1.0,1.0,SPURIOUS_IMPORTANCE,1,0,1.0,-1.0,0.0,0.0,-0.19613501001993405,1.0,1.0,1.0,1,0,0,ATTRIBUTION_EXCESS
BIOMARKERS,RF_SHALLOW,emmprin,0.0588412698412698,0.0588412698412698,2.0,0.2452380952380951,0.2475,0.2452380952380951,0.2475,0.2059673297033002,0.8888888888888888,0.2422293676312968,0.0,0.9583746868060984,0.9236317878474936,0.1211146838156484,1.0,0.5495574579680641,0.774778728984032,0.4169046004554808,0.5879899021059449,4.0,0.0848526458876518,LOW_SIGNAL,1,0,-0.03626203792799659,0.03626203792799659,-0.3820225724026447,0.3820225724026447,0.7176644581441933,0.03626203792799659,-0.03626203792799659,0.0,0,0,0,LOW_EVIDENCE
BIOMARKERS,RF_SHALLOW,wyniki_fgf23_pg_ml,0.0489523809523809,0.0489523809523809,3.0,0.3404761904761904,0.2981250000000001,0.3404761904761904,0.2981250000000001,0.1713523724858316,0.7777777777777778,0.4565916398713826,0.0,0.959027213925142,0.86840249585146,0.2282958199356913,1.0,0.5495574579680641,0.774778728984032,0.422683562757661,0.6009031392435973,3.0,-0.0569434474498596,LOW_SIGNAL,1,0,-0.28523926738555105,0.28523926738555105,-0.4295507667577657,0.4295507667577657,0.6970501233656284,0.28523926738555105,-0.28523926738555105,0.25834535865149694,0,0,0,LOW_EVIDENCE
BIOMARKERS,RF_SHALLOW,tnfalfa_pg_ml,0.0293333333333333,0.0293333333333333,4.0,0.4038095238095237,0.3550000000000001,0.4038095238095237,0.3550000000000001,0.1026780753417045,0.6666666666666667,0.5991425509110396,0.0,0.965755020671714,0.8162108436691904,0.2995712754555198,1.0,0.5495574579680641,0.774778728984032,0.4061533981554715,0.5639660691831181,5.0,-0.1968932001138152,LOW_SIGNAL,1,0,-0.49646447556933515,0.49646447556933515,-0.4612879938414136,0.4612879938414136,0.7135327683274859,0.49646447556933515,-0.49646447556933515,0.4775182215007066,0,0,0,LOW_EVIDENCE
BIOMARKERS,RF_SHALLOW,il_6_pg_ml,0.0008253968253968,0.0008253968253968,7.0,0.429047619047619,0.429375,0.429047619047619,0.429375,0.0028892099122123,0.3333333333333333,0.6559485530546625,0.0,0.9246551055052002,0.6289942194192668,0.3279742765273312,1.0,0.5495574579680641,0.774778728984032,0.3199525686196035,0.3713481396909908,9.0,-0.3250850666151189,LOW_SIGNAL,1,0,-0.6530593431424502,0.6530593431424502,-0.3684589297787785,0.3684589297787785,0.6261050095070545,0.6530593431424502,-0.6530593431424502,0.6400051979776334,0,0,0,LOW_EVIDENCE
BIOMARKERS,RF_SHALLOW,hdl,0.021031746031746,0.021031746031746,5.0,0.4747619047619047,0.378125,0.4747619047619047,0.378125,0.0736192910323368,0.5555555555555556,0.7588424437299036,1.0,0.9750673524737852,0.7653114540146704,0.8794212218649518,1.0,0.5495574579680641,0.774778728984032,0.572783988970653,0.936306330473933,2.0,-0.805801930832615,HIDDEN_SIGNAL,1,0,-0.6852231526975668,0.6852231526975668,-0.8626870394415962,0.8626870394415962,0.6916921629823336,0.6852231526975668,-0.6852231526975668,0.6733792174942721,0,1,1,LATENT_DEPENDENCE
BIOMARKERS,RF_SHALLOW,ldl,0.0014444444444444,0.0014444444444444,6.0,0.4647619047619046,0.4068750000000001,0.4647619047619046,0.4068750000000001,0.0050561173463716,0.4444444444444444,0.7363344051446944,0.0,0.9261995498349528,0.6853219971396985,0.3681672025723472,1.0,0.5495574579680641,0.774778728984032,0.3528484390194724,0.444854792461978,7.0,-0.3631110852259755,HIDDEN_SIGNAL,1,0,-0.7312782877983228,0.7312782877983228,-0.4397986751156064,0.4397986751156064,0.680265879793327,0.7312782877983228,-0.7312782877983228,0.7211672438180865,0,1,0,LATENT_DEPENDENCE
BIOMARKERS,RF_SHALLOW,wyniki_klotho_pg_ml,-0.0051904761904761,0.0,9.0,0.5566666666666664,0.496875,0.5566666666666664,0.496875,0.0,0.1111111111111111,0.9431939978563768,0.0,0.9225958463988636,0.5168534787549874,0.4715969989281884,1.0,0.5495574579680641,0.774778728984032,0.3294834925610586,0.3926452298191797,8.0,-0.4715969989281884,HIDDEN_SIGNAL,1,0,-0.9431939978563768,0.9431939978563768,-0.3926452298191797,0.3926452298191797,0.5168534787549874,0.9431939978563768,-0.9431939978563768,0.9410565896755875,0,1,0,LATENT_DEPENDENCE
BIOMARKERS,RF_SHALLOW,non_hdl_calkowity_hdl,-0.0024761904761904,0.0,8.0,0.5819047619047618,0.535625,0.5819047619047618,0.535625,0.0,0.2222222222222222,1.0,0.0,0.9225958463988636,0.572409034310543,0.5,1.0,0.5495574579680641,0.774778728984032,0.3574696781035143,0.4551810678452777,6.0,-0.5,HIDDEN_SIGNAL,1,0,-1.0,1.0,-0.4551810678452777,0.4551810678452777,0.572409034310543,1.0,-1.0,1.0,0,1,0,LATENT_DEPENDENCE
CLINICAL,RF_SHALLOW,wiek_w_momencie_zbiorki,0.0047301587301587,0.0047301587301587,1.0,-0.0152380952380951,0.0524999999999999,0.0,0.0524999999999999,1.0,1.0,0.0,0.0,0.0,0.5,0.0,0.4509803921568628,0.1131021745085066,0.2820412833326847,0.5,1.0,1.0,1.0,SPURIOUS_IMPORTANCE,1,0,1.0,-1.0,0.0,0.0,-0.5,1.0,1.0,1.0,1,0,0,ATTRIBUTION_EXCESS
CLINICAL,RF_SHALLOW,wbc_przyjecie,0.0002222222222222,0.0002222222222222,5.0,-0.0009523809523808,0.055,0.0,0.055,0.0469798657718076,0.875,0.0,0.0,0.9807571791689718,0.927878589584486,0.0,0.4509803921568628,0.1131021745085066,0.2820412833326847,0.3249528184520978,0.4819886678198908,15.0,0.0469798657718076,LOW_SIGNAL,1,0,0.0469798657718076,-0.0469798657718076,-0.43500880204808323,0.43500880204808323,0.8808987238126784,0.0469798657718076,0.0469798657718076,0.0469798657718076,0,0,0,LOW_EVIDENCE
CLINICAL,RF_SHALLOW,arb,0.0,0.0,6.0,-0.0028571428571427,0.0687499999999999,0.0,0.0687499999999999,0.0,0.84375,0.0,0.0,0.97247082439842,0.90811041219921,0.0,0.4509803921568628,0.1131021745085066,0.2820412833326847,0.3027034707330699,0.4161469093285201,18.0,0.0,LOW_SIGNAL,1,0,0.0,0.0,-0.4161469093285201,0.4161469093285201,0.90811041219921,0.0,0.0,0.0,0,0,0,LOW_EVIDENCE
CLINICAL,RF_SHALLOW,bb,0.0,0.0,6.0,-0.0123809523809522,0.0637499999999999,0.0,0.0637499999999999,0.0,0.84375,0.0,0.0,0.97247082439842,0.90811041219921,0.0,0.4509803921568628,0.1131021745085066,0.2820412833326847,0.3027034707330699,0.4161469093285201,18.0,0.0,LOW_SIGNAL,1,0,0.0,0.0,-0.4161469093285201,0.4161469093285201,0.90811041219921,0.0,0.0,0.0,0,0,0,LOW_EVIDENCE
CLINICAL,RF_SHALLOW,ile_lat_miazdzyca_t_szyjnych,0.0,0.0,6.0,-0.018095238095238,0.06625,0.0,0.06625,0.0,0.84375,0.0,0.0,0.97247082439842,0.90811041219921,0.0,0.4509803921568628,0.1131021745085066,0.2820412833326847,0.3027034707330699,0.4161469093285201,18.0,0.0,LOW_SIGNAL,1,0,0.0,0.0,-0.4161469093285201,0.4161469093285201,0.90811041219921,0.0,0.0,0.0,0,0,0,LOW_EVIDENCE
CLINICAL,RF_SHALLOW,stymulator,0.0,0.0,6.0,-0.0438095238095236,0.0574999999999999,0.0,0.0574999999999999,0.0,0.84375,0.0,0.0,0.97247082439842,0.90811041219921,0.0,0.4509803921568628,0.1131021745085066,0.2820412833326847,0.3027034707330699,0.4161469093285201,18.0,0.0,LOW_SIGNAL,1,0,0.0,0.0,-0.4161469093285201,0.4161469093285201,0.90811041219921,0.0,0.0,0.0,0,0,0,LOW_EVIDENCE
CLINICAL,RF_SHALLOW,ile_lat_pali,-0.0094285714285714,0.0,20.0,-0.0019047619047618,0.0424999999999999,0.0,0.0424999999999999,0.0,0.40625,0.0,0.0,0.97247082439842,0.68936041219921,0.0,0.4509803921568628,0.1131021745085066,0.2820412833326847,0.2297868040664033,0.2003670304174356,28.0,0.0,LOW_SIGNAL,1,0,0.0,0.0,-0.2003670304174356,0.2003670304174356,0.68936041219921,0.0,0.0,0.0,0,0,0,LOW_EVIDENCE
CLINICAL,RF_SHALLOW,wrodzona_wada_serca,0.0,0.0,6.0,0.002857142857143,0.0787499999999999,0.002857142857143,0.0787499999999999,0.0,0.84375,0.0535714285714311,0.0,0.97247082439842,0.90811041219921,0.0267857142857155,0.4509803921568628,0.1131021745085066,0.2820412833326847,0.3116320421616418,0.4425689353176339,16.0,-0.0267857142857155,LOW_SIGNAL,1,0,-0.0535714285714311,0.0535714285714311,-0.4425689353176339,0.4425689353176339,0.90811041219921,0.0535714285714311,-0.0535714285714311,0.0535714285714311,0,0,0,LOW_EVIDENCE
CLINICAL,RF_SHALLOW,crp_5_zapalenie,-0.0027936507936508,0.0,11.0,0.0104761904761906,0.0849999999999999,0.0104761904761906,0.0849999999999999,0.0,0.6875,0.196428571428574,0.0,0.97247082439842,0.82998541219921,0.098214285714287,0.4509803921568628,0.1131021745085066,0.2820412833326847,0.309399899304499,0.4359634288203558,17.0,-0.098214285714287,LOW_SIGNAL,1,0,-0.196428571428574,0.196428571428574,-0.4359634288203558,0.4359634288203558,0.82998541219921,0.196428571428574,-0.196428571428574,0.196428571428574,0,0,0,LOW_EVIDENCE
CLINICAL,RF_SHALLOW,crt_d_device,0.0,0.0,6.0,0.0133333333333334,0.0849999999999999,0.0133333333333334,0.0849999999999999,0.0,0.84375,0.250000000000001,0.0,0.97247082439842,0.90811041219921,0.1250000000000005,0.4509803921568628,0.1131021745085066,0.2820412833326847,0.3443701373997368,0.5394496972777119,13.0,-0.1250000000000005,LOW_SIGNAL,1,0,-0.250000000000001,0.250000000000001,-0.5394496972777119,0.5394496972777119,0.90811041219921,0.250000000000001,-0.250000000000001,0.250000000000001,0,0,0,LOW_EVIDENCE
FULL,LR_L1,92_kda_pro_mmp_9,0.1931111111111111,0.1931111111111111,1.0,0.0533333333333334,0.0837499999999999,0.0533333333333334,0.0837499999999999,1.0,1.0,0.0,0.0,,1.0,0.0,1.0,0.8931236178441233,0.9465618089220617,0.6666666666666666,1.0,1.0,1.0,SPURIOUS_IMPORTANCE,1,0,1.0,-1.0,0.0,0.0,0.0,1.0,1.0,1.0,1,0,0,ATTRIBUTION_EXCESS
FULL,LR_L1,72_kda_pro_mmp_2,0.0308412698412698,0.0308412698412698,2.0,0.1361904761904764,0.1968749999999999,0.1361904761904764,0.1968749999999999,0.1597073812263683,0.8571428571428572,0.21969696969697,0.0,0.6077299799601319,0.7324364185514946,0.109848484848485,1.0,0.8931236178441233,0.9465618089220617,0.3339974282087826,0.5009961423131739,4.0,0.0498588963778833,LOW_SIGNAL,1,0,-0.05998958847060171,0.05998958847060171,-0.3412887610868056,0.3412887610868056,0.5727290373251263,0.05998958847060171,-0.05998958847060171,0.0,0,0,0,LOW_EVIDENCE
FULL,LR_L1,ile_lat_1,0.0,0.0,8.0,0.2723809523809524,0.3087499999999999,0.2723809523809524,0.3087499999999999,0.0,0.0,0.5808080808080806,0.0,0.97247082439842,0.4862354121992099,0.2904040404040403,1.0,0.8931236178441233,0.9465618089220617,0.2588798175344167,0.3883197263016251,20.0,-0.2904040404040403,LOW_SIGNAL,1,0,-0.5808080808080806,0.5808080808080806,-0.3883197263016251,0.3883197263016251,0.4862354121992099,0.5808080808080806,-0.5808080808080806,0.5540560891129985,0,0,0,LOW_EVIDENCE
FULL,LR_L1,cukrzyca_dm,0.0,0.0,8.0,0.2957142857142858,0.2781249999999999,0.2957142857142858,0.2781249999999999,0.0,0.0,0.6426767676767677,0.0,0.97247082439842,0.4862354121992099,0.3213383838383838,1.0,0.8931236178441233,0.9465618089220617,0.2691912653458646,0.4037868980187969,19.0,-0.3213383838383838,LOW_SIGNAL,1,0,-0.6426767676767677,0.6426767676767677,-0.4037868980187969,0.4037868980187969,0.4862354121992099,0.6426767676767677,-0.6426767676767677,0.6198731121053576,0,0,0,LOW_EVIDENCE
FULL,LR_L1,emmprin,0.0035238095238095,0.0035238095238095,4.0,0.3028571428571429,0.34375,0.3028571428571429,0.34375,0.0182475752096004,0.5714285714285714,0.6616161616161615,0.0,0.9583746868060984,0.7649016291173348,0.3308080808080808,1.0,0.8931236178441233,0.9465618089220617,0.3713190950450053,0.5569786425675081,3.0,-0.3125605055984803,LOW_SIGNAL,1,0,-0.6433685864065611,0.6433685864065611,-0.5387310673579077,0.5387310673579077,0.7466540539077344,0.6433685864065611,-0.6433685864065611,0.620609081325813,0,0,0,LOW_EVIDENCE
FULL,LR_L1,wrodzona_wada_serca,0.0,0.0,8.0,0.2990476190476191,0.334375,0.2990476190476191,0.334375,0.0,0.0,0.6515151515151514,0.0,0.97247082439842,0.4862354121992099,0.3257575757575757,1.0,0.8931236178441233,0.9465618089220617,0.2706643293189285,0.4059964939783928,18.0,-0.3257575757575757,LOW_SIGNAL,1,0,-0.6515151515151514,0.6515151515151514,-0.4059964939783928,0.4059964939783928,0.4862354121992099,0.6515151515151514,-0.6515151515151514,0.6292755439614086,0,0,0,LOW_EVIDENCE
FULL,LR_L1,nadcisnienie_tetnicze_nt,0.0,0.0,8.0,0.3114285714285715,0.345,0.3114285714285715,0.345,0.0,0.0,0.6843434343434343,0.0,0.6896168963769093,0.3448084481884546,0.3421717171717171,1.0,0.8931236178441233,0.9465618089220617,0.2289933884533905,0.3434900826800858,21.0,-0.3421717171717171,HIDDEN_SIGNAL,1,0,-0.6843434343434343,0.6843434343434343,-0.3434900826800858,0.3434900826800858,0.3448084481884546,0.6843434343434343,-0.6843434343434343,0.6641988622838847,0,1,0,LATENT_DEPENDENCE
FULL,LR_L1,stymulator,0.0,0.0,8.0,0.3128571428571429,0.3212499999999999,0.3128571428571429,0.3212499999999999,0.0,0.0,0.6881313131313131,0.0,0.97247082439842,0.4862354121992099,0.3440656565656566,1.0,0.8931236178441233,0.9465618089220617,0.2767670229216222,0.4151505343824333,17.0,-0.3440656565656566,HIDDEN_SIGNAL,1,0,-0.6881313131313131,0.6881313131313131,-0.4151505343824333,0.4151505343824333,0.4862354121992099,0.6881313131313131,-0.6881313131313131,0.6682284759364782,0,1,0,LATENT_DEPENDENCE
FULL,LR_L1,klop,0.0,0.0,8.0,0.3142857142857145,0.3162499999999999,0.3142857142857145,0.3162499999999999,0.0,0.0,0.6919191919191923,0.0,0.97247082439842,0.4862354121992099,0.3459595959595961,1.0,0.8931236178441233,0.9465618089220617,0.2773983360529353,0.416097504079403,16.0,-0.3459595959595961,HIDDEN_SIGNAL,1,0,-0.6919191919191923,0.6919191919191923,-0.416097504079403,0.416097504079403,0.4862354121992099,0.6919191919191923,-0.6919191919191923,0.6722580895890718,0,1,0,LATENT_DEPENDENCE
FULL,LR_L1,bmi,0.0002857142857142,0.0002857142857142,6.0,0.3300000000000002,0.323125,0.3300000000000002,0.323125,0.0014795331251023,0.2857142857142857,0.7335858585858588,0.0,0.9702190449277645,0.627966665321025,0.3667929292929294,1.0,0.8931236178441233,0.9465618089220617,0.3320797092463522,0.4981195638695283,5.0,-0.3653133961678271,HIDDEN_SIGNAL,1,0,-0.7321063254607565,0.7321063254607565,-0.49664003074442603,0.49664003074442603,0.6264871321959227,0.7321063254607565,-0.7321063254607565,0.7150098857911796,0,1,0,LATENT_DEPENDENCE
